Workbook

Sheet Summary
A1: MODEL PREDICTION — PICKS LEDGER | J1: METRIC CONTROL
J2: Minimum calibration sample | L2: 30
A3: Total records | C3: Open records | E3: Settled records | G3: Calibration status
A4: =COUNTA('Picks'!$A$2:$A$18) | C4: =COUNTIF('Picks'!$U$2:$U$18,"open") | E4: =COUNTIF('Picks'!$U$2:$U$18,"settled") | G4: =IF(COUNTIFS('Picks'!$U$2:$U$18,"settled",'Picks'!$V$2:$V$18,"win")+COUNTIFS('Picks'!$U$2:$U$18,"settled",'Picks'!$V$2:$V$18,"loss")>=$L$2,"Ready","Insufficient sample")
A6: Research scored | C6: Research record | E6: Research accuracy | G6: Research ROI
A7: =COUNTIF('Picks'!$BX$2:$BX$18,">0") | C7: =COUNTIFS('Picks'!$BX$2:$BX$18,">0",'Picks'!$V$2:$V$18,"win")&"-"&COUNTIFS('Picks'!$BX$2:$BX$18,">0",'Picks'!$V$2:$V$18,"loss") | E7: =IFERROR(COUNTIFS('Picks'!$BX$2:$BX$18,">0",'Picks'!$V$2:$V$18,"win")/(COUNTIFS('Picks'!$BX$2:$BX$18,">0",'Picks'!$V$2:$V$18,"win")+COUNTIFS('Picks'!$BX$2:$BX$18,">0",'Picks'!$V$2:$V$18,"loss")),0) | G7: =IFERROR(SUM('Picks'!$BY$2:$BY$18)/SUM('Picks'!$BX$2:$BX$18),0)
A9: Research P&L | C9: Mean raw-probability CLV | E9: Qualified calls | G9: Qualified P&L
A10: =SUM('Picks'!$BY$2:$BY$18) | C10: =IFERROR(AVERAGEIF('Picks'!$AB$2:$AB$18,"<>",'Picks'!$AB$2:$AB$18),0) | E10: =COUNTIFS('Picks'!$AM$2:$AM$18,"QUALIFIED_SHADOW_CALL",'Picks'!$U$2:$U$18,"settled") | G10: =SUMIFS('Picks'!$AC$2:$AC$18,'Picks'!$AM$2:$AM$18,"QUALIFIED_SHADOW_CALL")
A12: SETTLED ACCURACY BY MARKET
A13: Market | B13: Settled | C13: Wins | D13: Losses | E13: Accuracy | F13: Research P&L | G13: Mean CLV
A14: moneyline | B14: =COUNTIFS('Picks'!$H$2:$H$18,$A14,'Picks'!$U$2:$U$18,"settled") | C14: =COUNTIFS('Picks'!$H$2:$H$18,$A14,'Picks'!$U$2:$U$18,"settled",'Picks'!$V$2:$V$18,"win") | D14: =COUNTIFS('Picks'!$H$2:$H$18,$A14,'Picks'!$U$2:$U$18,"settled",'Picks'!$V$2:$V$18,"loss") | E14: =IFERROR(C14/(C14+D14),0) | F14: =SUMIFS('Picks'!$BY$2:$BY$18,'Picks'!$H$2:$H$18,$A14) | G14: =IFERROR(AVERAGEIFS('Picks'!$AB$2:$AB$18,'Picks'!$H$2:$H$18,$A14,'Picks'!$U$2:$U$18,"settled"),0)
A15: spread | B15: =COUNTIFS('Picks'!$H$2:$H$18,$A15,'Picks'!$U$2:$U$18,"settled") | C15: =COUNTIFS('Picks'!$H$2:$H$18,$A15,'Picks'!$U$2:$U$18,"settled",'Picks'!$V$2:$V$18,"win") | D15: =COUNTIFS('Picks'!$H$2:$H$18,$A15,'Picks'!$U$2:$U$18,"settled",'Picks'!$V$2:$V$18,"loss") | E15: =IFERROR(C15/(C15+D15),0) | F15: =SUMIFS('Picks'!$BY$2:$BY$18,'Picks'!$H$2:$H$18,$A15) | G15: =IFERROR(AVERAGEIFS('Picks'!$AB$2:$AB$18,'Picks'!$H$2:$H$18,$A15,'Picks'!$U$2:$U$18,"settled"),0)
A16: total | B16: =COUNTIFS('Picks'!$H$2:$H$18,$A16,'Picks'!$U$2:$U$18,"settled") | C16: =COUNTIFS('Picks'!$H$2:$H$18,$A16,'Picks'!$U$2:$U$18,"settled",'Picks'!$V$2:$V$18,"win") | D16: =COUNTIFS('Picks'!$H$2:$H$18,$A16,'Picks'!$U$2:$U$18,"settled",'Picks'!$V$2:$V$18,"loss") | E16: =IFERROR(C16/(C16+D16),0) | F16: =SUMIFS('Picks'!$BY$2:$BY$18,'Picks'!$H$2:$H$18,$A16) | G16: =IFERROR(AVERAGEIFS('Picks'!$AB$2:$AB$18,'Picks'!$H$2:$H$18,$A16,'Picks'!$U$2:$U$18,"settled"),0)
A18: Descriptive only—not evidence of profitability. Calibration needs 30 settled binary picks.

Sheet Picks
A1: pick_id | B1: created_at_utc | C1: event_start_utc | D1: event_id | E1: league | F1: away_team | G1: home_team | H1: market_type | I1: selection | J1: line | K1: sportsbook | L1: american_odds | M1: decimal_odds | N1: market_implied_probability | O1: model_probability | P1: model_uncertainty | Q1: edge | R1: confidence_score | S1: units | T1: model_version | U1: status | V1: result | W1: away_score | X1: home_score | Y1: closing_line | Z1: closing_american_odds | AA1: closing_implied_probability | AB1: probability_clv | AC1: pnl_units | AD1: settled_at_utc | AE1: rationale | AF1: risks | AG1: review_status | AH1: loss_classification | AI1: loss_cause | AJ1: corrective_action | AK1: call_type | AL1: ledger_schema_version | AM1: record_type | AN1: decision | AO1: reason_code | AP1: canonical_away_team_id | AQ1: canonical_away_team_name | AR1: original_away_team | AS1: canonical_home_team_id | AT1: canonical_home_team_name | AU1: original_home_team | AV1: banned_team_id | AW1: banned_team_name | AX1: model_origin | AY1: baseline_identifier | AZ1: model_state_at_decision | BA1: model_artifact_hash | BB1: calibration_method | BC1: calibration_version | BD1: calibration_artifact_hash | BE1: feature_schema_version | BF1: entity_map_version | BG1: code_revision | BH1: observed_at_utc | BI1: correlation_tags | BJ1: decision_line | BK1: decision_american_odds | BL1: decision_decimal_odds | BM1: decision_raw_implied_probability | BN1: decision_no_vig_probability | BO1: decision_consensus_probability | BP1: decision_consensus_line | BQ1: closing_decimal_odds | BR1: closing_raw_implied_probability | BS1: closing_no_vig_probability | BT1: closing_consensus_probability | BU1: closing_consensus_line | BV1: legacy_units | BW1: void_reason | BX1: research_score_units | BY1: research_pnl_units | BZ1: research_scored_at_utc | CA1: research_scoring_note | CB1: migrated_from_version | CC1: elo_probability | CD1: trend_gap | CE1: park_factor | CF1: weather_factor | CG1: pitcher_era_gap | CH1: probable_starter_era_gap | CI1: unavailable_features | CJ1: defensive_trend_gap | CK1: neutral_elo_rating_difference | CL1: bullpen_weakness_gap | CM1: starter_era_gap | CN1: rest_disparity | CO1: back_to_back_gap | CP1: games_last_7_gap | CQ1: schedule_missingness | CR1: market_residual_probability | CS1: trade_candidate
A2: c11cae45031b41a1 | B2: 2026-07-31T13:43:54.682985Z | C2: 2026-07-31T14:00:00Z | D2: 66549 | E2: CS2 | F2: megoshort | G2: Lavked | H2: moneyline | I2: home | K2: polymarket_us | L2: 108 | M2: 2.08 | N2: 0.480769 | O2: 0.751067 | Q2: 0.270298 | R2: 100 | S2: 2 | T2: cs2-tiered-elo-v5 | U2: settled | V2: loss | W2: 1 | X2: 0 | Z2: 104 | AA2: 0.49 | AB2: 0.009231 | AC2: -2 | AD2: 2026-07-31T19:51:23.716338Z | AE2: Neutral Elo baseline; executable ask 0.4800 (market_slug=aec-cs2-lav-mego-2026-07-31). | AF2: Config-promoted esports baseline; gates enforced at log time. | AG2: review_required | AK2: model_qualified | AL2: 3 | AM2: QUALIFIED_SHADOW_CALL | AN2: CALL | AO2: QUALIFIED | AP2: megoshort | AQ2: megoshort | AR2: megoshort | AS2: Lavked | AT2: Lavked | AU2: Lavked | AX2: statistical_model | AZ2: shadow_qualified | BA2: eb7df6eea25aaeb60067809b30135a14d1437167e21d40db8c53fd4c730e8028 | BB2: neutral_elo | BC2: cs2-tiered-elo-v5 | BD2: eb7df6eea25aaeb60067809b30135a14d1437167e21d40db8c53fd4c730e8028 | BE2: 1 | BF2: 1 | BG2: cs2-tiered-elo-v5 | BH2: 2026-07-31T13:43:39.001447Z | BI2: ["same_event","same_team_same_day","same_league_same_day"] | BK2: 108 | BL2: 2.08 | BM2: 0.480769 | BQ2: 2.04 | BR2: 0.49
A3: 36eb60bb22a24273 | B3: 2026-07-31T16:50:14.974472Z | C3: 2026-07-31T17:00:00Z | D3: 65110 | E3: CS2 | F3: ROUNDS | G3: HAVU | H3: moneyline | I3: home | K3: polymarket_us | L3: 150 | M3: 2.5 | N3: 0.4 | O3: 0.621796 | Q3: 0.221796 | R3: 100 | S3: 1.5 | T3: cs2-tiered-elo-v5 | U3: settled | V3: win | W3: 0 | X3: 1 | Z3: -138 | AA3: 0.58 | AB3: 0.18 | AC3: 2.25 | AD3: 2026-07-31T19:51:24.927753Z | AE3: Neutral Elo baseline; executable ask 0.4000 (market_slug=aec-cs2-havu-rgg-2026-07-31). | AF3: Config-promoted esports baseline; gates enforced at log time. | AG3: not_applicable | AK3: model_qualified | AL3: 3 | AM3: QUALIFIED_SHADOW_CALL | AN3: CALL | AO3: QUALIFIED | AP3: ROUNDS | AQ3: ROUNDS | AR3: ROUNDS | AS3: HAVU | AT3: HAVU | AU3: HAVU | AX3: statistical_model | AZ3: shadow_qualified | BA3: 3981a6f1ff351e4f03c636f79be9ecb402557b48007a6dd60f0cf4134cf24ffc | BB3: neutral_elo | BC3: cs2-tiered-elo-v5 | BD3: 3981a6f1ff351e4f03c636f79be9ecb402557b48007a6dd60f0cf4134cf24ffc | BE3: 1 | BF3: 1 | BG3: cs2-tiered-elo-v5 | BH3: 2026-07-31T16:49:59.297187Z | BI3: ["same_event","same_team_same_day","same_league_same_day"] | BK3: 150 | BL3: 2.5 | BM3: 0.4 | BQ3: 1.724638 | BR3: 0.58
A4: 7944d7567d6d40b8 | B4: 2026-07-31T16:50:14.974472Z | C4: 2026-07-31T17:00:00Z | D4: 67438 | E4: CS2 | F4: JUMBO TEAM | G4: Fraternity | H4: moneyline | I4: home | K4: polymarket_us | L4: 170 | M4: 2.7 | N4: 0.37037 | O4: 0.65581 | Q4: 0.28544 | R4: 100 | S4: 1.75 | T4: cs2-tiered-elo-v5 | U4: settled | V4: win | W4: 0 | X4: 1 | Z4: 170 | AA4: 0.37 | AB4: -0.00037 | AC4: 2.975 | AD4: 2026-07-31T19:51:26.098420Z | AE4: Neutral Elo baseline; executable ask 0.3700 (market_slug=aec-cs2-frt-jumbo-2026-07-31). | AF4: Config-promoted esports baseline; gates enforced at log time. | AG4: not_applicable | AK4: model_qualified | AL4: 3 | AM4: QUALIFIED_SHADOW_CALL | AN4: CALL | AO4: QUALIFIED | AP4: JUMBO TEAM | AQ4: JUMBO TEAM | AR4: JUMBO TEAM | AS4: Fraternity | AT4: Fraternity | AU4: Fraternity | AX4: statistical_model | AZ4: shadow_qualified | BA4: 3981a6f1ff351e4f03c636f79be9ecb402557b48007a6dd60f0cf4134cf24ffc | BB4: neutral_elo | BC4: cs2-tiered-elo-v5 | BD4: 3981a6f1ff351e4f03c636f79be9ecb402557b48007a6dd60f0cf4134cf24ffc | BE4: 1 | BF4: 1 | BG4: cs2-tiered-elo-v5 | BH4: 2026-07-31T16:49:59.882471Z | BI4: ["same_event","same_team_same_day","same_league_same_day"] | BK4: 170 | BL4: 2.7 | BM4: 0.37037 | BQ4: 2.7 | BR4: 0.37
A5: 0d043c6d477241cf | B5: 2026-07-31T16:50:14.974472Z | C5: 2026-07-31T17:00:00Z | D5: 66536 | E5: CS2 | F5: Black Phoenix | G5: JiJieHao | H5: moneyline | I5: home | K5: polymarket_us | L5: -203 | M5: 1.492611 | N5: 0.669967 | O5: 0.772177 | Q5: 0.10221 | R5: 71 | S5: 2 | T5: cs2-tiered-elo-v5 | U5: settled | V5: loss | W5: 1 | X5: 0 | Z5: -203 | AA5: 0.67 | AB5: 3.3e-05 | AC5: -2 | AD5: 2026-07-31T21:03:40.371960Z | AE5: Neutral Elo baseline; executable ask 0.6700 (market_slug=aec-cs2-jjh-bpl-2026-07-31). | AF5: Config-promoted esports baseline; gates enforced at log time. | AG5: review_required | AK5: model_qualified | AL5: 3 | AM5: QUALIFIED_SHADOW_CALL | AN5: CALL | AO5: QUALIFIED | AP5: Black Phoenix | AQ5: Black Phoenix | AR5: Black Phoenix | AS5: JiJieHao | AT5: JiJieHao | AU5: JiJieHao | AX5: statistical_model | AZ5: shadow_qualified | BA5: 3981a6f1ff351e4f03c636f79be9ecb402557b48007a6dd60f0cf4134cf24ffc | BB5: neutral_elo | BC5: cs2-tiered-elo-v5 | BD5: 3981a6f1ff351e4f03c636f79be9ecb402557b48007a6dd60f0cf4134cf24ffc | BE5: 1 | BF5: 1 | BG5: cs2-tiered-elo-v5 | BH5: 2026-07-31T16:50:01.394322Z | BI5: ["same_event","same_team_same_day","same_league_same_day"] | BK5: -203 | BL5: 1.492611 | BM5: 0.669967 | BQ5: 1.492611 | BR5: 0.67
A6: 125339241ad9451e | B6: 2026-08-01T06:42:08.952242Z | C6: 2026-08-01T08:00:00Z | D6: 67671 | E6: CS2 | F6: HAVU | G6: ENCE | H6: moneyline | I6: home | K6: polymarket_us | L6: -127 | M6: 1.787402 | N6: 0.559471 | O6: 0.719921 | Q6: 0.16045 | R6: 100 | S6: 2 | T6: cs2-tiered-elo-v5 | U6: settled | V6: win | W6: 0 | X6: 1 | Z6: -127 | AA6: 0.56 | AB6: 0.000529 | AC6: 1.5748 | AD6: 2026-08-01T10:16:03.419145Z | AE6: Neutral Elo baseline; executable ask 0.5600 (market_slug=aec-cs2-ence-havu-2026-08-01). | AF6: Config-promoted esports baseline; gates enforced at log time. | AG6: not_applicable | AK6: model_qualified | AL6: 3 | AM6: QUALIFIED_SHADOW_CALL | AN6: CALL | AO6: QUALIFIED | AP6: HAVU | AQ6: HAVU | AR6: HAVU | AS6: ENCE | AT6: ENCE | AU6: ENCE | AX6: statistical_model | AZ6: shadow_qualified | BA6: 99f60c4478ad78f02b9bb97fae5fb480114a267e349d541594964e1dd7daa69c | BB6: neutral_elo | BC6: cs2-tiered-elo-v5 | BD6: 99f60c4478ad78f02b9bb97fae5fb480114a267e349d541594964e1dd7daa69c | BE6: 1 | BF6: 1 | BG6: cs2-tiered-elo-v5 | BH6: 2026-08-01T06:41:50.350236Z | BI6: ["same_event","same_team_same_day","same_league_same_day"] | BK6: -127 | BL6: 1.787402 | BM6: 0.559471 | BQ6: 1.787402 | BR6: 0.56
A7: c40a4abbd3564079 | B7: 2026-08-01T06:42:08.952242Z | C7: 2026-08-01T08:00:00Z | D7: 67547 | E7: CS2 | F7: Sinners | G7: INOX Division | H7: moneyline | I7: home | K7: polymarket_us | L7: 144 | M7: 2.44 | N7: 0.409836 | O7: 0.639934 | Q7: 0.230098 | R7: 100 | S7: 1.5 | T7: cs2-tiered-elo-v5 | U7: settled | V7: loss | W7: 1 | X7: 0 | Z7: 144 | AA7: 0.41 | AB7: 0.000164 | AC7: -1.5 | AD7: 2026-08-01T16:48:19.424540Z | AE7: Neutral Elo baseline; executable ask 0.4100 (market_slug=aec-cs2-inox-sin-2026-08-01). | AF7: Config-promoted esports baseline; gates enforced at log time. | AG7: review_required | AK7: model_qualified | AL7: 3 | AM7: QUALIFIED_SHADOW_CALL | AN7: CALL | AO7: QUALIFIED | AP7: Sinners | AQ7: Sinners | AR7: Sinners | AS7: INOX Division | AT7: INOX Division | AU7: INOX Division | AX7: statistical_model | AZ7: shadow_qualified | BA7: 99f60c4478ad78f02b9bb97fae5fb480114a267e349d541594964e1dd7daa69c | BB7: neutral_elo | BC7: cs2-tiered-elo-v5 | BD7: 99f60c4478ad78f02b9bb97fae5fb480114a267e349d541594964e1dd7daa69c | BE7: 1 | BF7: 1 | BG7: cs2-tiered-elo-v5 | BH7: 2026-08-01T06:41:50.964355Z | BI7: ["same_event","same_team_same_day","same_league_same_day"] | BK7: 144 | BL7: 2.44 | BM7: 0.409836 | BQ7: 2.44 | BR7: 0.41
A8: 58431ae9ca0b4636 | B8: 2026-08-01T06:42:08.952242Z | C8: 2026-08-01T08:00:00Z | D8: 66924 | E8: CS2 | F8: JiJieHao | G8: GenOne | H8: moneyline | I8: home | K8: polymarket_us | L8: 127 | M8: 2.27 | N8: 0.440529 | O8: 0.550293 | Q8: 0.109764 | R8: 75 | S8: 1 | T8: cs2-tiered-elo-v5 | U8: settled | V8: win | W8: 0 | X8: 1 | Z8: 127 | AA8: 0.44 | AB8: -0.000529 | AC8: 1.27 | AD8: 2026-08-01T16:48:20.526220Z | AE8: Neutral Elo baseline; executable ask 0.4400 (market_slug=aec-cs2-g1-jjh-2026-08-01). | AF8: Config-promoted esports baseline; gates enforced at log time. | AG8: not_applicable | AK8: model_qualified | AL8: 3 | AM8: QUALIFIED_SHADOW_CALL | AN8: CALL | AO8: QUALIFIED | AP8: JiJieHao | AQ8: JiJieHao | AR8: JiJieHao | AS8: GenOne | AT8: GenOne | AU8: GenOne | AX8: statistical_model | AZ8: shadow_qualified | BA8: 99f60c4478ad78f02b9bb97fae5fb480114a267e349d541594964e1dd7daa69c | BB8: neutral_elo | BC8: cs2-tiered-elo-v5 | BD8: 99f60c4478ad78f02b9bb97fae5fb480114a267e349d541594964e1dd7daa69c | BE8: 1 | BF8: 1 | BG8: cs2-tiered-elo-v5 | BH8: 2026-08-01T06:41:51.950370Z | BI8: ["same_event","same_team_same_day","same_league_same_day"] | BK8: 127 | BL8: 2.27 | BM8: 0.440529 | BQ8: 2.27 | BR8: 0.44
A9: a8661bcab2b34922 | B9: 2026-08-01T13:46:43.837828Z | C9: 2026-08-01T14:00:00Z | D9: 67303 | E9: CS2 | F9: Rune Eaters | G9: SPARTA | H9: moneyline | I9: home | K9: polymarket_us | L9: -138 | M9: 1.724638 | N9: 0.579832 | O9: 0.613873 | Q9: 0.034041 | R9: 37 | S9: 1.5 | T9: cs2-tiered-elo-v5 | U9: settled | V9: loss | W9: 1 | X9: 0 | Z9: -138 | AA9: 0.58 | AB9: 0.000168 | AC9: -1.5 | AD9: 2026-08-01T18:35:42.451730Z | AE9: Neutral Elo baseline; executable ask 0.5800 (market_slug=aec-cs2-sparta-re-2026-08-01). | AF9: Config-promoted esports baseline; gates enforced at log time. | AG9: review_required | AK9: model_qualified | AL9: 3 | AM9: QUALIFIED_SHADOW_CALL | AN9: CALL | AO9: QUALIFIED | AP9: Rune Eaters | AQ9: Rune Eaters | AR9: Rune Eaters | AS9: SPARTA | AT9: SPARTA | AU9: SPARTA | AX9: statistical_model | AZ9: shadow_qualified | BA9: 76d65080af75e0c3856de1f3b1c11380883507c146c1117ef81f1d19eb30d4f0 | BB9: neutral_elo | BC9: cs2-tiered-elo-v5 | BD9: 76d65080af75e0c3856de1f3b1c11380883507c146c1117ef81f1d19eb30d4f0 | BE9: 1 | BF9: 1 | BG9: cs2-tiered-elo-v5 | BH9: 2026-08-01T13:46:30.443267Z | BI9: ["same_event","same_team_same_day","same_league_same_day"] | BK9: -138 | BL9: 1.724638 | BM9: 0.579832 | BQ9: 1.724638 | BR9: 0.58
A10: 7e5cfa1784484860 | B10: 2026-08-01T13:46:43.837828Z | C10: 2026-08-01T15:30:00Z | D10: 67317 | E10: CS2 | F10: aimclub | G10: Young TigeRES | H10: moneyline | I10: home | K10: polymarket_us | L10: 186 | M10: 2.86 | N10: 0.34965 | O10: 0.603676 | Q10: 0.254026 | R10: 100 | S10: 1.25 | T10: cs2-tiered-elo-v5 | U10: settled | V10: loss | W10: 1 | X10: 0 | Z10: 178 | AA10: 0.36 | AB10: 0.01035 | AC10: -1.25 | AD10: 2026-08-01T18:35:43.575176Z | AE10: Neutral Elo baseline; executable ask 0.3500 (market_slug=aec-cs2-ytigeres-aimc-2026-08-01). | AF10: Config-promoted esports baseline; gates enforced at log time. | AG10: review_required | AK10: model_qualified | AL10: 3 | AM10: QUALIFIED_SHADOW_CALL | AN10: CALL | AO10: QUALIFIED | AP10: aimclub | AQ10: aimclub | AR10: aimclub | AS10: Young TigeRES | AT10: Young TigeRES | AU10: Young TigeRES | AX10: statistical_model | AZ10: shadow_qualified | BA10: 76d65080af75e0c3856de1f3b1c11380883507c146c1117ef81f1d19eb30d4f0 | BB10: neutral_elo | BC10: cs2-tiered-elo-v5 | BD10: 76d65080af75e0c3856de1f3b1c11380883507c146c1117ef81f1d19eb30d4f0 | BE10: 1 | BF10: 1 | BG10: cs2-tiered-elo-v5 | BH10: 2026-08-01T13:46:30.967278Z | BI10: ["same_event","same_team_same_day","same_league_same_day"] | BK10: 186 | BL10: 2.86 | BM10: 0.34965 | BQ10: 2.78 | BR10: 0.36
A11: d1b7bcbcd2784259 | B11: 2026-08-01T23:54:53.636521Z | C11: 2026-08-02T00:30:00Z | D11: 68172 | E11: CS2 | F11: Marsborne | G11: SportsBetExpert | H11: moneyline | I11: away | K11: polymarket_us | L11: -127 | M11: 1.787402 | N11: 0.559471 | O11: 0.600127 | Q11: 0.040656 | R11: 40 | S11: 1.25 | T11: cs2-tiered-elo-v5 | U11: settled | V11: loss | W11: 0 | X11: 1 | Z11: -127 | AA11: 0.56 | AB11: 0.000529 | AC11: -1.25 | AD11: 2026-08-02T03:26:24.451346Z | AE11: Neutral Elo baseline; executable ask 0.5600 (market_slug=aec-cs2-spo-mars-2026-08-02). | AF11: Config-promoted esports baseline; gates enforced at log time. | AG11: review_required | AK11: model_qualified | AL11: 3 | AM11: QUALIFIED_SHADOW_CALL | AN11: CALL | AO11: QUALIFIED | AP11: Marsborne | AQ11: Marsborne | AR11: Marsborne | AS11: SportsBetExpert | AT11: SportsBetExpert | AU11: SportsBetExpert | AX11: statistical_model | AZ11: shadow_qualified | BA11: 124bb01c66650940a67a9125e9f0677482f15aec343dc7b3e847d2027a63cccc | BB11: neutral_elo | BC11: cs2-tiered-elo-v5 | BD11: 124bb01c66650940a67a9125e9f0677482f15aec343dc7b3e847d2027a63cccc | BE11: 1 | BF11: 1 | BG11: cs2-tiered-elo-v5 | BH11: 2026-08-01T23:54:40.651895Z | BI11: ["same_event","same_team_same_day","same_league_same_day"] | BK11: -127 | BL11: 1.787402 | BM11: 0.559471 | BQ11: 1.787402 | BR11: 0.56
A12: 871fce3506474811 | B12: 2026-08-02T10:00:04.561525Z | C12: 2026-08-02T10:30:00Z | D12: 66836 | E12: CS2 | F12: Sangal ALTERS | G12: Teletubisie | H12: moneyline | I12: home | K12: polymarket_us | L12: -104 | M12: 1.961538 | N12: 0.509804 | O12: 0.690561 | Q12: 0.180757 | R12: 100 | S12: 2 | T12: cs2-tiered-elo-v5 | U12: settled | V12: push | AC12: 0 | AD12: 2026-08-02T15:53:33.702018Z | AE12: Neutral Elo baseline; executable ask 0.5100 (market_slug=aec-cs2-ttbs-sng-2026-08-02). | AF12: Config-promoted esports baseline; gates enforced at log time. | AG12: not_applicable | AK12: model_qualified | AL12: 3 | AM12: QUALIFIED_SHADOW_CALL | AN12: CALL | AO12: QUALIFIED | AP12: Sangal ALTERS | AQ12: Sangal ALTERS | AR12: Sangal ALTERS | AS12: Teletubisie | AT12: Teletubisie | AU12: Teletubisie | AX12: statistical_model | AZ12: shadow_qualified | BA12: 06138ffc8334cb69044b84c6e2b37aa9a4e0b6bd4f08ef7c62950d9e210f4364 | BB12: neutral_elo | BC12: cs2-tiered-elo-v5 | BD12: 06138ffc8334cb69044b84c6e2b37aa9a4e0b6bd4f08ef7c62950d9e210f4364 | BE12: 1 | BF12: 1 | BG12: cs2-tiered-elo-v5 | BH12: 2026-08-02T09:59:44.064703Z | BI12: ["same_event","same_team_same_day","same_league_same_day"] | BK12: -104 | BL12: 1.961538 | BM12: 0.509804 | BW12: esports market settled to a non-binary price (forfeit/postponement per market rules)
A13: 1890098872ae4443 | B13: 2026-08-02T12:30:33.225632Z | C13: 2026-08-02T13:00:00Z | D13: 68257 | E13: CS2 | F13: Fortress | G13: DragonClaw | H13: moneyline | I13: home | K13: polymarket_us | L13: -113 | M13: 1.884956 | N13: 0.530516 | O13: 0.67594 | Q13: 0.145424 | R13: 93 | S13: 1.75 | T13: cs2-tiered-elo-v5 | U13: settled | V13: push | AC13: 0 | AD13: 2026-08-03T02:34:48.118824Z | AE13: Neutral Elo baseline; executable ask 0.5300 (market_slug=aec-cs2-dc-for-2026-08-02). | AF13: Config-promoted esports baseline; gates enforced at log time. | AG13: not_applicable | AK13: model_qualified | AL13: 3 | AM13: QUALIFIED_SHADOW_CALL | AN13: CALL | AO13: QUALIFIED | AP13: Fortress | AQ13: Fortress | AR13: Fortress | AS13: DragonClaw | AT13: DragonClaw | AU13: DragonClaw | AX13: statistical_model | AZ13: shadow_qualified | BA13: bd7b44b2e86615e932309b2497f806ee2b5567367d785a2c9653f7a6fe2215fb | BB13: neutral_elo | BC13: cs2-tiered-elo-v5 | BD13: bd7b44b2e86615e932309b2497f806ee2b5567367d785a2c9653f7a6fe2215fb | BE13: 1 | BF13: 1 | BG13: cs2-tiered-elo-v5 | BH13: 2026-08-02T12:30:14.025736Z | BI13: ["same_event","same_team_same_day","same_league_same_day"] | BK13: -113 | BL13: 1.884956 | BM13: 0.530516 | BW13: esports market settled to a non-binary price (forfeit/postponement per market rules)
A14: d46b1c6c074d4d79 | B14: 2026-08-02T16:53:33.678893Z | C14: 2026-08-02T17:00:00Z | D14: 69263 | E14: CS2 | F14: ENJOY | G14: Mai Tai | H14: moneyline | I14: away | K14: polymarket_us | L14: -194 | M14: 1.515464 | N14: 0.659864 | O14: 0.68024 | Q14: 0.020376 | R14: 30 | S14: 1.75 | T14: cs2-tiered-elo-v5 | U14: settled | V14: push | AC14: 0 | AD14: 2026-08-03T02:34:49.249923Z | AE14: Neutral Elo baseline; executable ask 0.6600 (market_slug=aec-cs2-mta-enjoy-2026-08-02). | AF14: Config-promoted esports baseline; gates enforced at log time. | AG14: not_applicable | AK14: model_qualified | AL14: 3 | AM14: QUALIFIED_SHADOW_CALL | AN14: CALL | AO14: QUALIFIED | AP14: ENJOY | AQ14: ENJOY | AR14: ENJOY | AS14: Mai Tai | AT14: Mai Tai | AU14: Mai Tai | AX14: statistical_model | AZ14: shadow_qualified | BA14: 4c897e659ec9db491c18706ace7c94ba8af6df222c16d377d3bd7391aba18f91 | BB14: neutral_elo | BC14: cs2-tiered-elo-v5 | BD14: 4c897e659ec9db491c18706ace7c94ba8af6df222c16d377d3bd7391aba18f91 | BE14: 1 | BF14: 1 | BG14: cs2-tiered-elo-v5 | BH14: 2026-08-02T16:53:19.829844Z | BI14: ["same_event","same_team_same_day","same_league_same_day"] | BK14: -194 | BL14: 1.515464 | BM14: 0.659864 | BW14: esports market settled to a non-binary price (forfeit/postponement per market rules) | CS14: True
A15: 3e5ca2341bea45d1 | B15: 2026-08-03T10:14:59.378487Z | C15: 2026-08-03T10:30:00Z | D15: 67514 | E15: CS2 | F15: Passion Academy | G15: EAC Rising | H15: moneyline | I15: home | K15: polymarket_us | L15: -156 | M15: 1.641026 | N15: 0.609375 | O15: 0.639821 | Q15: 0.030446 | R15: 35 | S15: 1.5 | T15: cs2-tiered-elo-v5 | U15: settled | V15: win | W15: 0 | X15: 1 | Z15: -156 | AA15: 0.61 | AB15: 0.000625 | AC15: 0.9615 | AD15: 2026-08-03T13:27:35.671440Z | AE15: Neutral Elo baseline; executable ask 0.6100 (market_slug=aec-cs2-era-psna-2026-08-03). | AF15: Config-promoted esports baseline; gates enforced at log time. | AG15: not_applicable | AK15: model_qualified | AL15: 3 | AM15: QUALIFIED_SHADOW_CALL | AN15: CALL | AO15: QUALIFIED | AP15: Passion Academy | AQ15: Passion Academy | AR15: Passion Academy | AS15: EAC Rising | AT15: EAC Rising | AU15: EAC Rising | AX15: statistical_model | AZ15: shadow_qualified | BA15: a67b482e0cc299818c9d6a6183162092d6b3cbeea4f974054606da1c44c3bd99 | BB15: neutral_elo | BC15: cs2-tiered-elo-v5 | BD15: a67b482e0cc299818c9d6a6183162092d6b3cbeea4f974054606da1c44c3bd99 | BE15: 1 | BF15: 1 | BG15: cs2-tiered-elo-v5 | BH15: 2026-08-03T10:14:38.370048Z | BI15: ["same_event","same_team_same_day","same_league_same_day"] | BK15: -156 | BL15: 1.641026 | BM15: 0.609375 | BQ15: 1.641026 | BR15: 0.61 | CS15: True
A16: 02ebc095ca494cd9 | B16: 2026-08-03T19:54:57.645683Z | C16: 2026-08-03T21:00:00Z | D16: 70532 | E16: CS2 | F16: RED Canids Academy | G16: ODDIK | H16: moneyline | I16: home | K16: polymarket_us | L16: -150 | M16: 1.666667 | N16: 0.6 | O16: 0.630438 | Q16: 0.030438 | R16: 35 | S16: 1.5 | T16: cs2-tiered-elo-v5 | U16: settled | V16: win | W16: 0 | X16: 1 | Z16: -150 | AA16: 0.6 | AB16: 0 | AC16: 1 | AD16: 2026-08-05T01:06:35.233639Z | AE16: Neutral Elo baseline; executable ask 0.6000 (market_slug=aec-cs2-odk-reda-2026-08-03). | AF16: Config-promoted esports baseline; gates enforced at log time. | AG16: not_applicable | AK16: model_qualified | AL16: 3 | AM16: QUALIFIED_SHADOW_CALL | AN16: CALL | AO16: QUALIFIED | AP16: RED Canids Academy | AQ16: RED Canids Academy | AR16: RED Canids Academy | AS16: ODDIK | AT16: ODDIK | AU16: ODDIK | AX16: statistical_model | AZ16: shadow_qualified | BA16: 49e72bc47e8b746259057b18a0727b3402ae02f53069edfae5b6532757438c2c | BB16: neutral_elo | BC16: cs2-tiered-elo-v5 | BD16: 49e72bc47e8b746259057b18a0727b3402ae02f53069edfae5b6532757438c2c | BE16: 1 | BF16: 1 | BG16: cs2-tiered-elo-v5 | BH16: 2026-08-03T19:54:46.268393Z | BI16: ["same_event","same_team_same_day","same_league_same_day"] | BK16: -150 | BL16: 1.666667 | BM16: 0.6 | BQ16: 1.666667 | BR16: 0.6 | CS16: True
A17: e17b52861cea4d2b | B17: 2026-08-04T08:56:55.041466Z | C17: 2026-08-04T11:00:00Z | D17: 68302 | E17: CS2 | F17: Phantom | G17: Sashi Esport | H17: moneyline | I17: home | K17: polymarket_us | L17: 104 | M17: 2.04 | N17: 0.490196 | O17: 0.551011 | Q17: 0.060815 | R17: 50 | S17: 1 | T17: cs2-tiered-elo-v5 | U17: settled | V17: win | W17: 0 | X17: 1 | Z17: 104 | AA17: 0.49 | AB17: -0.000196 | AC17: 1.04 | AD17: 2026-08-04T14:03:59.228709Z | AE17: Neutral Elo baseline; executable ask 0.4900 (market_slug=aec-cs2-sashi-pha-2026-08-04). | AF17: Config-promoted esports baseline; gates enforced at log time. | AG17: not_applicable | AK17: model_qualified | AL17: 3 | AM17: QUALIFIED_SHADOW_CALL | AN17: CALL | AO17: QUALIFIED | AP17: Phantom | AQ17: Phantom | AR17: Phantom | AS17: Sashi Esport | AT17: Sashi Esport | AU17: Sashi Esport | AX17: statistical_model | AZ17: shadow_qualified | BA17: 2e5d465a17379306940528ff103c7508aad908ecb9a4879bb8031bb88a86443c | BB17: neutral_elo | BC17: cs2-tiered-elo-v5 | BD17: 2e5d465a17379306940528ff103c7508aad908ecb9a4879bb8031bb88a86443c | BE17: 1 | BF17: 1 | BG17: cs2-tiered-elo-v5 | BH17: 2026-08-04T08:56:24.737438Z | BI17: ["same_event","same_team_same_day","same_league_same_day"] | BK17: 104 | BL17: 2.04 | BM17: 0.490196 | BQ17: 2.04 | BR17: 0.49 | CS17: True
A18: c8aec1582044472d | B18: 2026-08-04T08:56:55.041466Z | C18: 2026-08-04T11:00:00Z | D18: 71501 | E18: CS2 | F18: Betclic Apogee Esports | G18: Acend | H18: moneyline | I18: home | K18: polymarket_us | L18: -138 | M18: 1.724638 | N18: 0.579832 | O18: 0.691594 | Q18: 0.111762 | R18: 76 | S18: 2 | T18: cs2-tiered-elo-v5 | U18: settled | V18: loss | W18: 1 | X18: 0 | Z18: -138 | AA18: 0.58 | AB18: 0.000168 | AC18: -2 | AD18: 2026-08-04T14:04:00.544032Z | AE18: Neutral Elo baseline; executable ask 0.5800 (market_slug=aec-cs2-ace-bca-2026-08-04). | AF18: Config-promoted esports baseline; gates enforced at log time. | AG18: review_required | AK18: model_qualified | AL18: 3 | AM18: QUALIFIED_SHADOW_CALL | AN18: CALL | AO18: QUALIFIED | AP18: Betclic Apogee Esports | AQ18: Betclic Apogee Esports | AR18: Betclic Apogee Esports | AS18: Acend | AT18: Acend | AU18: Acend | AX18: statistical_model | AZ18: shadow_qualified | BA18: 2e5d465a17379306940528ff103c7508aad908ecb9a4879bb8031bb88a86443c | BB18: neutral_elo | BC18: cs2-tiered-elo-v5 | BD18: 2e5d465a17379306940528ff103c7508aad908ecb9a4879bb8031bb88a86443c | BE18: 1 | BF18: 1 | BG18: cs2-tiered-elo-v5 | BH18: 2026-08-04T08:56:25.971824Z | BI18: ["same_event","same_team_same_day","same_league_same_day"] | BK18: -138 | BL18: 1.724638 | BM18: 0.579832 | BQ18: 1.724638 | BR18: 0.58 | CS18: True
